{"total_time": 41563.86197710037, "time_per_epoch": 20.781930988550187, "success_rate": [0.0, 0.0, 0.0, 0.0, 0.0, 0.0, 0.0, 0.0, 0.0, 0.0, 0.0, 0.0, 0.0, 0.0, 0.0, 0.0, 0.0, 0.0, 0.0, 0.0, 0.0], "completion_rate": [0.0, 0.01171875, 0.4140625, 0.546875, 0.5625, 0.64453125, 0.625, 0.6015625, 0.671875, 0.6484375, 0.671875, 0.6328125, 0.64453125, 0.65234375, 0.640625, 0.6875, 0.68359375, 0.71484375, 0.7421875, 0.6875, 0.671875], "training_time": [7.942235946655273, 820.0113711357117, 2338.321660757065, 2115.015116214752, 2137.278873682022, 2178.0279219150543, 2132.3068437576294, 2112.9375722408295, 2112.940163373947, 2114.8888685703278, 2113.842257499695, 2127.7050738334656, 2146.668189048767, 2141.8629672527313, 2142.196392059326, 2128.8694100379944, 2125.1377952098846, 2124.1908280849457, 2212.3017117977142, 2140.6736431121826, 2090.7430815696716]}