{"total_time": 2.1725077629089355, "time_per_epoch": 1.0862538814544678, "success_rate": [0.0, 0.0], "completion_rate": [0.0625, 0.0], "training_time": [0.8349659442901611, 1.3375418186187744]}