{"total_time": 58115.04559183121, "time_per_epoch": 29.057522795915602, "success_rate": [0.0, 0.0, 0.0, 0.0, 0.0, 0.0, 0.0, 0.0, 0.0, 0.0, 0.0, 0.0, 0.0, 0.0, 0.0, 0.0, 0.0, 0.0, 0.0, 0.0, 0.0], "completion_rate": [0.0, 0.02734375, 0.28125, 0.63671875, 0.609375, 0.71875, 0.58203125, 0.65625, 0.69140625, 0.73828125, 0.703125, 0.69921875, 0.7109375, 0.71484375, 0.6875, 0.7265625, 0.7109375, 0.69921875, 0.7734375, 0.7265625, 0.75390625], "training_time": [10.386780023574829, 1044.7226362228394, 2220.4409668445587, 2355.552482366562, 2256.8544902801514, 16935.288332939148, 2220.3752591609955, 2218.7176184654236, 2216.178914785385, 2217.922693967819, 2226.8864181041718, 2221.1691284179688, 2230.2381126880646, 2233.6488287448883, 2224.899580717087, 2227.820709705353, 2219.7036328315735, 2219.1819338798523, 2212.7576200962067, 2208.1621470451355, 2194.137304544449]}