{"total_time": 46873.94415807724, "time_per_epoch": 23.43697207903862, "success_rate": [0.0, 0.0, 0.0, 0.0, 0.0, 0.0, 0.0, 0.0, 0.0, 0.0, 0.0, 0.0, 0.0, 0.0, 0.0, 0.0, 0.0, 0.0, 0.0, 0.0, 0.0], "completion_rate": [0.0, 0.015625, 0.484375, 0.625, 0.578125, 0.5, 0.75, 0.65625, 0.65625, 0.6875, 0.578125, 0.65625, 0.765625, 0.609375, 0.59375, 0.625, 0.625, 0.640625, 0.5, 0.71875, 0.796875], "training_time": [8.097574234008789, 928.6646132469177, 2419.826812505722, 2174.499066591263, 2196.9772942066193, 2192.4554436206818, 2147.167314052582, 2144.2252774238586, 2147.93176817894, 2052.4975187778473, 2039.2022519111633, 2038.5039863586426, 2028.7630734443665, 2041.1435289382935, 2032.1375706195831, 2032.8014895915985, 2029.649992465973, 2031.9356729984283, 2076.2213287353516, 8026.552196264267, 2084.690383911133]}